Cause,English,Type,,,,,,,,,,
Tsunami Aceh (Meninggal),Aceh Tsunami (Died),Bencana Alam,,,,,,,,,,
Tsunami Aceh (Hilang),Aceh Tsunami (Missing),Bencana Alam,,,,,,,,,,
Kecelakaan Lalu Lintas,Traffic Accidents,Bencana Non Alam dan Penyakit,,,,,,,,,,
Penyakit Sistem Sirkulasi Darah,Diseases of the Blood Circulation System,Bencana Non Alam dan Penyakit,,,,,,,,,,Aceh
COVID-19 (per tanggal 24/4/2021),COVID-19 (as of 24/4/2021),Bencana Non Alam dan Penyakit,,,,,,,,,,of
COVID-19,COVID-19,Bencana Non Alam dan Penyakit,,,,,,,,,,diseases
Penyakit Sistem Sirkulasi Darah,Diseases of the Blood Circulation System,Bencana Non Alam dan Penyakit,,,,,,,,,,covid-19
Penyakit Sistem Sirkulasi Darah,Diseases of the Blood Circulation System,Bencana Non Alam dan Penyakit,,,,,,,,,,extraordinary event
Penyakit Sistem Sirkulasi Darah,Diseases of the Blood Circulation System,Bencana Non Alam dan Penyakit,,,,,,,,,,certain
Kecelakaan Lalu Lintas,Traffic Accidents,Bencana Non Alam dan Penyakit,,,,,,,,,,conditions 
Penyakit Infeksi & Parasit Tertentu,Certain Infectious &; Parasitic Diseases,Bencana Non Alam dan Penyakit,,,,,,,,,,that
Penyakit Infeksi & Parasit Tertentu,Certain Infectious &; Parasitic Diseases,Bencana Non Alam dan Penyakit,,,,,,,,,,begin
Penyakit Infeksi & Parasit Tertentu,Certain Infectious &; Parasitic Diseases,Bencana Non Alam dan Penyakit,,,,,,,,,,during
Penyakit Infeksi & Parasit Tertentu,Certain Infectious &; Parasitic Diseases,Bencana Non Alam dan Penyakit,,,,,,,,,,period
Tuberkulosis,Tuberculosis,Bencana Non Alam dan Penyakit,,,,,,,,,,system
Kecelakaan Lalu Lintas,Traffic Accidents,Bencana Non Alam dan Penyakit,,,,,,,,,,other
Kondisi Tertentu yang bermula pada masa Perinatal,Certain Conditions that begin during the perinatal period,Bencana Non Alam dan Penyakit,,,,,,,,,,causes
Kondisi Tertentu yang bermula pada masa Perinatal,Certain Conditions that begin during the perinatal period,Bencana Non Alam dan Penyakit,,,,,,,,,,the
Kondisi Tertentu yang bermula pada masa Perinatal,Certain Conditions that begin during the perinatal period,Bencana Non Alam dan Penyakit,,,,,,,,,,Other
Kondisi Tertentu yang bermula pada masa Perinatal,Certain Conditions that begin during the perinatal period,Bencana Non Alam dan Penyakit,,,,,,,,,,and
Penyakit Sistem Napas,Respiratory System Diseases,Bencana Non Alam dan Penyakit,,,,,,,,,,or
Penyakit Sistem Napas,Respiratory System Diseases,Bencana Non Alam dan Penyakit,,,,,,,,,,pendemic
Penyakit Sistem Cerna,Diseases of the Gastrointestinal System,Bencana Non Alam dan Penyakit,,,,,,,,,,
Penyakit Sistem Cerna,Diseases of the Gastrointestinal System,Bencana Non Alam dan Penyakit,,,,,,,,,,
Gempa Bumi,Earthquake,Bencana Alam,,,,,,,,,,
Penyakit Sistem Napas,Respiratory System Diseases,Bencana Non Alam dan Penyakit,,,,,,,,,,
Penyakit Sistem Napas,Respiratory System Diseases,Bencana Non Alam dan Penyakit,,,,,,,,,,
"Cedera, Keracunan, dan Akibat Sebab Luar Tertentu Lainnya","Injury, Poisoning, and Other External Causes",Bencana Non Alam dan Penyakit,,,,,,,,,,
Penyakit Sistem Cerna,Diseases of the Gastrointestinal System,Bencana Non Alam dan Penyakit,,,,,,,,,,
"Cedera, Keracunan, dan Akibat Sebab Luar Tertentu Lainnya","Injury, Poisoning, and Other External Causes",Bencana Non Alam dan Penyakit,,,,,,,,,,
Penyakit Sistem Cerna,Diseases of the Gastrointestinal System,Bencana Non Alam dan Penyakit,,,,,,,,,,
"Penyakit Endokrin, Nutrisi, dan Metabolik","Endocrine, Nutritional, and Metabolic Diseases",Bencana Non Alam dan Penyakit,,,,,,,,,,
Infeksi Saluran Napas Bagian Atas Akut Lainnya,Other acute upper respiratory infections,Bencana Non Alam dan Penyakit,,,,,,,,,,
"Cedera, Keracunan, dan Akibat Sebab Luar Tertentu Lainnya","Injury, Poisoning, and Other External Causes",Bencana Non Alam dan Penyakit,,,,,,,,,,
"Penyakit Endokrin, Nutrisi, dan Metabolik","Endocrine, Nutritional, and Metabolic Diseases",Bencana Non Alam dan Penyakit,,,,,,,,,,
"Penyakit Endokrin, Nutrisi, dan Metabolik","Endocrine, Nutritional, and Metabolic Diseases",Bencana Non Alam dan Penyakit,,,,,,,,,,
Neoplasma,Neoplasms,Bencana Non Alam dan Penyakit,,,,,,,,,,
"Cedera, Keracunan, dan Akibat Sebab Luar Tertentu Lainnya","Injury, Poisoning, and Other External Causes",Bencana Non Alam dan Penyakit,,,,,,,,,,
Stroke tidak menyebut pendarahan atau infark,Stroke does not call bleeding or infarction,Bencana Non Alam dan Penyakit,,,,,,,,,,
Neoplasma,Neoplasms,Bencana Non Alam dan Penyakit,,,,,,,,,,
Penyakit Sistem Kemih Kelamin,Diseases of the Venereal Urinary System,Bencana Non Alam dan Penyakit,,,,,,,,,,
Penyakit Sistem Kemih Kelamin,Diseases of the Venereal Urinary System,Bencana Non Alam dan Penyakit,,,,,,,,,,
"Penyakit Endokrin, Nutrisi, dan Metabolik","Endocrine, Nutritional, and Metabolic Diseases",Bencana Non Alam dan Penyakit,,,,,,,,,,
Penyakit Sistem Kemih Kelamin,Diseases of the Venereal Urinary System,Bencana Non Alam dan Penyakit,,,,,,,,,,
Stroke tidak menyebut pendarahan atau infark,Stroke does not call bleeding or infarction,Bencana Non Alam dan Penyakit,,,,,,,,,,
Neoplasma,Neoplasms,Bencana Non Alam dan Penyakit,,,,,,,,,,
"Gejala, Tanda & Penemuan Laboratorium, Klinik Abnormal YTK","Symptoms, Signs &; Laboratory Findings, YTK Abnormal Clinic",Bencana Non Alam dan Penyakit,,,,,,,,,,
Stroke tidak menyebut pendarahan atau infark,Stroke does not call bleeding or infarction,Bencana Non Alam dan Penyakit,,,,,,,,,,
"Gejala, Tanda & Penemuan Laboratorium, Klinik Abnormal YTK","Symptoms, Signs &; Laboratory Findings, YTK Abnormal Clinic",Bencana Non Alam dan Penyakit,,,,,,,,,,
Diare & gastroenteritis Oleh penyebab infeksi tertentu (kolitis infeksi),Diarrhea &; gastroenteritis: By the cause of certain infections (infectious colitis);,Bencana Non Alam dan Penyakit,,,,,,,,,,
Tuberkulosis paru,Pulmonary tuberculosis,Bencana Non Alam dan Penyakit,,,,,,,,,,
Penyakit Sistem Kemih Kelamin,Diseases of the Venereal Urinary System,Bencana Non Alam dan Penyakit,,,,,,,,,,
Perdarahan intrakranial,Intracranial hemorrhage,Bencana Non Alam dan Penyakit,,,,,,,,,,
Malaria (termasuk semua malaria),Malaria (including all malaria),Bencana Non Alam dan Penyakit,,,,,,,,,,
Perdarahan intrakranial,Intracranial hemorrhage,Bencana Non Alam dan Penyakit,,,,,,,,,,
Neoplasma,Neoplasms,Bencana Non Alam dan Penyakit,,,,,,,,,,
"Gejala, Tanda & Penemuan Laboratorium, Klinik Abnormal YTK","Symptoms, Signs &; Laboratory Findings, YTK Abnormal Clinic",Bencana Non Alam dan Penyakit,,,,,,,,,,
TB Paru BTA Positif,BTA Positive Pulmonary TB,Bencana Non Alam dan Penyakit,,,,,,,,,,
TB Paru,Pulmonary TB,Bencana Non Alam dan Penyakit,,,,,,,,,,
"Gejala, Tanda & Penemuan Laboratorium, Klinik Abnormal YTK","Symptoms, Signs &; Laboratory Findings, YTK Abnormal Clinic",Bencana Non Alam dan Penyakit,,,,,,,,,,
Penyakit Susunan Syaraf,Nervous System Diseases,Bencana Non Alam dan Penyakit,,,,,,,,,,
Pneumonia,Pneumonia,Bencana Non Alam dan Penyakit,,,,,,,,,,
Penyakit Susunan Syaraf,Nervous System Diseases,Bencana Non Alam dan Penyakit,,,,,,,,,,
Septisemia,Septicemia,Bencana Non Alam dan Penyakit,,,,,,,,,,
Gagal ginjal lainnya,Other renal failures,Bencana Non Alam dan Penyakit,,,,,,,,,,
Cedera intrakranial,Intracranial injury,Bencana Non Alam dan Penyakit,,,,,,,,,,
Penyakit Susunan Syaraf,Nervous System Diseases,Bencana Non Alam dan Penyakit,,,,,,,,,,
Perdarahan intrakranial,Intracranial hemorrhage,Bencana Non Alam dan Penyakit,,,,,,,,,,
Pneumonia,Pneumonia,Bencana Non Alam dan Penyakit,,,,,,,,,,
Sebab Luar Morbiditas & Mortalitas,External Causes: Morbidity &; Mortality,Bencana Non Alam dan Penyakit,,,,,,,,,,
Diare & gastroenteritis Oleh penyebab infeksi tertentu (kolitis infeksi),Diarrhea &; gastroenteritis: By the cause of certain infections (infectious colitis);,Bencana Non Alam dan Penyakit,,,,,,,,,,
Demam Tifoid dan Paratifoid,Typhoid and Paratyphoid Fever,Bencana Non Alam dan Penyakit,,,,,,,,,,
Gempa Bumi dan Tsunami,Earthquakes and Tsunamis,Bencana Alam,,,,,,,,,,
"Pertumbuhan janin lamban, malnutrisi janin dan gangguan yang berhubungan dengan kehamilan pendek dan berat badan lahir rendah","Sluggish fetal growth, fetal malnutrition and disorders associated with short pregnancy and low birth weight",Bencana Non Alam dan Penyakit,,,,,,,,,,
"Pertumbuhan janin lamban, malnutrisi janin dan gangguan yang berhubungan dengan kehamilan pendek dan berat badan lahir rendah","Sluggish fetal growth, fetal malnutrition and disorders associated with short pregnancy and low birth weight",Bencana Non Alam dan Penyakit,,,,,,,,,,
Penyakit jantung lainnya,Other heart diseases,Bencana Non Alam dan Penyakit,,,,,,,,,,
Cedera intrakranial,Intracranial injury,Bencana Non Alam dan Penyakit,,,,,,,,,,
Septisemia,Septicemia,Bencana Non Alam dan Penyakit,,,,,,,,,,
Gagal ginjal lainnya,Other renal failures,Bencana Non Alam dan Penyakit,,,,,,,,,,
Cedera intrakranial,Intracranial injury,Bencana Non Alam dan Penyakit,,,,,,,,,,
Pneumonia,Pneumonia,Bencana Non Alam dan Penyakit,,,,,,,,,,
Diabetes melitus YTT,Diabetes mellitus YTT,Bencana Non Alam dan Penyakit,,,,,,,,,,
Septisemia,Septicemia,Bencana Non Alam dan Penyakit,,,,,,,,,,
Pneumonia,Pneumonia,Bencana Non Alam dan Penyakit,,,,,,,,,,
"Pertumbuhan janin lamban, malnutrisi janin dan gangguan yang berhubungan dengan kehamilan pendek dan berat badan lahir rendah","Sluggish fetal growth, fetal malnutrition and disorders associated with short pregnancy and low birth weight",Bencana Non Alam dan Penyakit,,,,,,,,,,
Diabetes melitus YTT,Diabetes mellitus YTT,Bencana Non Alam dan Penyakit,,,,,,,,,,
Sebab Luar Morbiditas & Mortalitas,External Causes: Morbidity &; Mortality,Bencana Non Alam dan Penyakit,,,,,,,,,,
Tuberkulosis paru lainnya,Other pulmonary tuberculosis,Bencana Non Alam dan Penyakit,,,,,,,,,,
Kecelakaan kerja,Work accidents,Bencana Non Alam dan Penyakit,,,,,,,,,,
Hipoksia intrauterus dan asfiksia lahir,Intrauterine hypoxia and asphyxia,Bencana Non Alam dan Penyakit,,,,,,,,,,
"Kehamilan, Persalinan & Masa Nifas","Pregnancy, Childbirth & Postpartum",Bencana Non Alam dan Penyakit,,,,,,,,,,
Gempa Bumi,Earthquake,Bencana Alam,,,,,,,,,,
Hipoksia intrauterus dan asfiksia lahir,Intrauterine hypoxia and birth asphyxia,Bencana Non Alam dan Penyakit,,,,,,,,,,
Kecelakaan kerja,Work accidents,Bencana Non Alam dan Penyakit,,,,,,,,,,
Diare & gastroenteritis Oleh penyebab infeksi tertentu (kolitis infeksi),Diarrhea &; gastroenteritis: By the cause of certain infections (infectious colitis);,Bencana Non Alam dan Penyakit,,,,,,,,,,
Faktor yg Mempengaruhi Keadaan Kesehatan & yg Berhubungan dengan Pelayanan Kesehatan,Factors Affecting Health Conditions and Related to Health Services,Bencana Non Alam dan Penyakit,,,,,,,,,,
Demam Berdarah Dengue (DBD),Dengue Hemorrhagic Fever (DHF),Bencana Non Alam dan Penyakit,,,,,,,,,,
Demam Berdarah Dengue (DBD),Dengue Hemorrhagic Fever (DHF),Bencana Non Alam dan Penyakit,,,,,,,,,,
"Penyulit kehamilan, persalinan dan masa nifas lainnya","Complicating pregnancy, childbirth and other puerperium",Bencana Non Alam dan Penyakit,,,,,,,,,,
Demam Berdarah Dengue (DBD),Dengue Hemorrhagic Fever (DHF),Bencana Non Alam dan Penyakit,,,,,,,,,,
"Kehamilan, Persalinan & Masa Nifas","Pregnancy, Childbirth & Postpartum",Bencana Non Alam dan Penyakit,,,,,,,,,,
Pneumonia,Pneumonia,Bencana Non Alam dan Penyakit,,,,,,,,,,
Hipoksia intrauterus dan asfiksia lahir,Intrauterine hypoxia and birth asphyxia,Bencana Non Alam dan Penyakit,,,,,,,,,,
Diare & gastroenteritis Oleh penyebab infeksi tertentu (kolitis infeksi),Diarrhea &; gastroenteritis: By the cause of certain infections (infectious colitis);,Bencana Non Alam dan Penyakit,,,,,,,,,,
Penyakit Darah & Organ Pembuat Darah & Gangguan tertentu yang Melibatkan Mekanisme Imun,Blood &; Blood Making Organs &; Certain Disorders Involving Immune Mechanisms,Bencana Non Alam dan Penyakit,,,,,,,,,,
Gempa Bumi,Earthquake,Bencana Alam,,,,,,,,,,
Demam Berdarah Dengue (DBD),Dengue Hemorrhagic Fever (DHF),Bencana Non Alam dan Penyakit,,,,,,,,,,
Demam Berdarah Dengue (DBD),Dengue Hemorrhagic Fever (DHF),Bencana Non Alam dan Penyakit,,,,,,,,,,
Demam Berdarah Dengue (DBD),Dengue Hemorrhagic Fever (DHF),Bencana Non Alam dan Penyakit,,,,,,,,,,
Cedera intrakranial,Intracranial injury,Bencana Non Alam dan Penyakit,,,,,,,,,,
Demam Tifoid dan Paratifoid,Typhoid and Paratyphoid Fever,Bencana Non Alam dan Penyakit,,,,,,,,,,
Sebab Luar Morbiditas & Mortalitas,External Causes: Morbidity &; Mortality,Bencana Non Alam dan Penyakit,,,,,,,,,,
AIDS,AIDS,Bencana Non Alam dan Penyakit,,,,,,,,,,
Hipertensi Esensial (Primer),Essential Hypertension (Primary),Bencana Non Alam dan Penyakit,,,,,,,,,,
Hipertensi Esensial (Primer),Essential Hypertension (Primary),Bencana Non Alam dan Penyakit,,,,,,,,,,
Faktor yg Mempengaruhi Keadaan Kesehatan & yg Berhubungan dengan Pelayanan Kesehatan,Factors Affecting Health Conditions and Related to Health Services,Bencana Non Alam dan Penyakit,,,,,,,,,,
Demam Berdarah Dengue (DBD),Dengue Hemorrhagic Fever (DHF),Bencana Non Alam dan Penyakit,,,,,,,,,,
Demam Berdarah Dengue (DBD),Dengue Hemorrhagic Fever (DHF),Bencana Non Alam dan Penyakit,,,,,,,,,,
Demam Berdarah Dengue (DBD),Dengue Hemorrhagic Fever (DHF),Bencana Non Alam dan Penyakit,,,,,,,,,,
"Kehamilan, Persalinan & Masa Nifas","Pregnancy, Childbirth & Postpartum",Bencana Non Alam dan Penyakit,,,,,,,,,,
Demam Berdarah Dengue (DBD),Dengue Hemorrhagic Fever (DHF),Bencana Non Alam dan Penyakit,,,,,,,,,,
Faktor yg Mempengaruhi Keadaan Kesehatan & yg Berhubungan dengan Pelayanan Kesehatan,Factors Affecting Health Conditions and Related to Health Services,Bencana Non Alam dan Penyakit,,,,,,,,,,
AIDS,AIDS,Bencana Non Alam dan Penyakit,,,,,,,,,,
Gangguan saluran napas lainnya yang berhubungan dengan masa perinatal,Other airway disorders associated with the perinatal period,Bencana Non Alam dan Penyakit,,,,,,,,,,
AIDS,AIDS,Bencana Non Alam dan Penyakit,,,,,,,,,,
Gangguan saluran napas lainnya yang berhubungan dengan masa perinatal,Other airway disorders associated with the perinatal period,Bencana Non Alam dan Penyakit,,,,,,,,,,
AIDS,AIDS,Bencana Non Alam dan Penyakit,,,,,,,,,,
AIDS,AIDS,Bencana Non Alam dan Penyakit,,,,,,,,,,
Cedera YDT lainnya YTT dan daerah badan Multipel,Other YDT injuries YTT and Multiple body areas,Bencana Non Alam dan Penyakit,,,,,,,,,,
"Malformasi, Deformasi Kongenital & Kelainan Kromosom","Malformations, Congenital Deformations &; Chromosomal Abnormalities",Bencana Non Alam dan Penyakit,,,,,,,,,,
Penyakit Sistem Muskuloskeletal dan Jaringan Ikat,Diseases of the Musculoskeletal System and Connective Tissue,Bencana Non Alam dan Penyakit,,,,,,,,,,
"Malformasi, Deformasi Kongenital & Kelainan Kromosom","Malformations, Congenital Deformations &; Chromosomal Abnormalities",Bencana Non Alam dan Penyakit,,,,,,,,,,
AIDS,AIDS,Bencana Non Alam dan Penyakit,,,,,,,,,,
Demam Berdarah Dengue (DBD),Dengue Hemorrhagic Fever (DHF),Bencana Non Alam dan Penyakit,,,,,,,,,,
Infeksi Saluran Napas Bagian Atas Akut Lainnya,Other acute upper respiratory infections,Bencana Non Alam dan Penyakit,,,,,,,,,,
Gempa Bumi,Earthquake,Bencana Alam,,,,,,,,,,
Gangguan saluran napas lainnya yang berhubungan dengan masa perinatal,Other airway disorders associated with the perinatal period,Bencana Non Alam dan Penyakit,,,,,,,,,,
Janin dan bayi baru lahir yang dipengaruhi oleh faktor dan penyulit kehamilan persalinan dan kelahiran,"Fetuses and newborns affected by factors and complicating pregnancy, childbirth and birth",Bencana Non Alam dan Penyakit,,,,,,,,,,
"Malformasi, Deformasi Kongenital & Kelainan Kromosom","Malformations, Congenital Deformations &; Chromosomal Abnormalities",Bencana Non Alam dan Penyakit,,,,,,,,,,
Dispepsia,Dyspepsia,Bencana Non Alam dan Penyakit,,,,,,,,,,
Penyakit infeksi dan parasit kongenital,Congenital infectious and parasitic diseases,Bencana Non Alam dan Penyakit,,,,,,,,,,
AIDS,AIDS,Bencana Non Alam dan Penyakit,,,,,,,,,,
Gempa & Tsunami,Earthquake &; Tsunami,Bencana Alam,,,,,,,,,,
Kehamilan yang berakhir abortus,Pregnancy ending abortion,Bencana Non Alam dan Penyakit,,,,,,,,,,
Demam Berdarah Dengue (DBD),Dengue Hemorrhagic Fever (DHF),Bencana Non Alam dan Penyakit,,,,,,,,,,
Kecelakaan Transportasi,Transport Accidents,Bencana Non Alam dan Penyakit,,,,,,,,,,
Demam Berdarah Dengue (DBD),Dengue Hemorrhagic Fever (DHF),Bencana Non Alam dan Penyakit,,,,,,,,,,
Penyakit infeksi dan parasit kongenital,Congenital infectious and parasitic diseases,Bencana Non Alam dan Penyakit,,,,,,,,,,
Penyakit infeksi dan parasit kongenital,Congenital infectious and parasitic diseases,Bencana Non Alam dan Penyakit,,,,,,,,,,
Demam yang Sebabnya Tidak Diketahui,Fever of Unknown Cause,Bencana Non Alam dan Penyakit,,,,,,,,,,
Janin dan bayi baru lahir yang dipengaruhi oleh faktor dan penyulit kehamilan persalinan dan kelahiran,"Fetuses and newborns affected by factors and complicating pregnancy, childbirth and birth",Bencana Non Alam dan Penyakit,,,,,,,,,,
Tsunami,Tsunami,Bencana Alam,,,,,,,,,,
Kronis Filariasis,Chronic Filariasis,Bencana Non Alam dan Penyakit,,,,,,,,,,
Letusan Gunung Berapi,Volcanic eruptions,Bencana Alam,,,,,,,,,,
Janin dan bayi baru lahir yang dipengaruhi oleh faktor dan penyulit kehamilan persalinan dan kelahiran,"Fetuses and newborns affected by factors and complicating pregnancy, childbirth and birth",Bencana Non Alam dan Penyakit,,,,,,,,,,
AIDS,AIDS,Bencana Non Alam dan Penyakit,,,,,,,,,,
Kondisi lain yang bermula pada masa perinatal,Other conditions that begin in the perinatal period,Bencana Non Alam dan Penyakit,,,,,,,,,,
AIDS,AIDS,Bencana Non Alam dan Penyakit,,,,,,,,,,
Kecelakaan Transportasi,Transport Accidents,Bencana Non Alam dan Penyakit,,,,,,,,,,
Penyakit Kulit & Jaringan Subkutan,Skin &; Subcutaneous Tissue Diseases,Bencana Non Alam dan Penyakit,,,,,,,,,,
Kecelakaan Transportasi,Transport Accidents,Bencana Non Alam dan Penyakit,,,,,,,,,,
Gizi Buruk,Poor Nutrition,Bencana Non Alam dan Penyakit,,,,,,,,,,
KLB Diare,Outbreaks of Diarrhea,Bencana Non Alam dan Penyakit,,,,,,,,,,
Penyakit Mata dan Adneksa,Eye Diseases and Adnexa,Bencana Non Alam dan Penyakit,,,,,,,,,,
Diare,Diarrhea,Bencana Non Alam dan Penyakit,,,,,,,,,,
Penyulit kehamilan dan persalinan lainnya,Other complicators of pregnancy and childbirth,Bencana Non Alam dan Penyakit,,,,,,,,,,
Demam Tifoid dan Paratifoid,Typhoid and Paratyphoid Fever,Bencana Non Alam dan Penyakit,,,,,,,,,,
Banjir dan Tanah Longsor,Floods and Landslides,Bencana Alam,,,,,,,,,,
AIDS,AIDS,Bencana Non Alam dan Penyakit,,,,,,,,,,
Kondisi lain yang bermula pada masa perinatal,Other conditions that begin in the perinatal period,Bencana Non Alam dan Penyakit,,,,,,,,,,
Kecelakaan Transportasi,Transport Accidents,Bencana Non Alam dan Penyakit,,,,,,,,,,
Banjir Bandang,Flash Floods,Bencana Alam,,,,,,,,,,
"Penyulit kehamilan, persalinan dan masa nifas lainnya","Complicating pregnancy, childbirth and other puerperium",Bencana Non Alam dan Penyakit,,,,,,,,,,
Kecelakaan Transportasi,Transport Accidents,Bencana Non Alam dan Penyakit,,,,,,,,,,
KLB Diare,Outbreaks of Diarrhea,Bencana Non Alam dan Penyakit,,,,,,,,,,
Gastritis dan Duodenitis,Gastritis and Duodenitis,Bencana Non Alam dan Penyakit,,,,,,,,,,
Penyakit Sistem Muskuloskeletal dan Jaringan Ikat,Diseases of the Musculoskeletal System and Connective Tissue,Bencana Non Alam dan Penyakit,,,,,,,,,,
Penyakit Sistem Muskuloskeletal dan Jaringan Ikat,Diseases of the Musculoskeletal System and Connective Tissue,Bencana Non Alam dan Penyakit,,,,,,,,,,
Penyakit Apendiks,Appendix Diseases,Bencana Non Alam dan Penyakit,,,,,,,,,,
Gangguan Mental & Perilaku,Mental &; Behavioral Disorders,Bencana Non Alam dan Penyakit,,,,,,,,,,
Penyakit Darah & Organ Pembuat Darah & Gangguan tertentu yang Melibatkan Mekanisme Imun,Blood &; Blood Making Organs &; Certain Disorders Involving Immune Mechanisms,Bencana Non Alam dan Penyakit,,,,,,,,,,
Banjir Bandang,Flash Floods,Bencana Alam,,,,,,,,,,
"Penyulit kehamilan, persalinan dan masa nifas lainnya","Complicating pregnancy, childbirth and other puerperium",Bencana Non Alam dan Penyakit,,,,,,,,,,
Rabies - Lyssa,Rabies - Lyssa,Bencana Non Alam dan Penyakit,,,,,,,,,,
Kehamilan yang berakhir abortus,Pregnancy ending abortion,Bencana Non Alam dan Penyakit,,,,,,,,,,
Gangguan Mental & Perilaku,Mental &; Behavioral Disorders,Bencana Non Alam dan Penyakit,,,,,,,,,,
Penyakit Kulit & Jaringan Subkutan,Skin &; Subcutaneous Tissue Diseases,Bencana Non Alam dan Penyakit,,,,,,,,,,
Eklamsia dan preeklamsia,Eclampsia and preeclampsia,Bencana Non Alam dan Penyakit,,,,,,,,,,
Rabies - Lyssa,Rabies - Lyssa,Bencana Non Alam dan Penyakit,,,,,,,,,,
Penyakit Kulit & Jaringan Subkutan,Skin &; Subcutaneous Tissue Diseases,Bencana Non Alam dan Penyakit,,,,,,,,,,
Rabies - Lyssa,Rabies - Lyssa,Bencana Non Alam dan Penyakit,,,,,,,,,,
Tetanus Neonatorium,Tetanus Neonatorium,Bencana Non Alam dan Penyakit,,,,,,,,,,
Kondisi lain yang bermula pada masa perinatal,Other conditions that begin in the perinatal period,Bencana Non Alam dan Penyakit,,,,,,,,,,
Tanah Longsor,Landslide,Bencana Alam,,,,,,,,,,
Tanah Longsor,Landslide,Bencana Alam,,,,,,,,,,
Dispepsia,Dyspepsia,Bencana Non Alam dan Penyakit,,,,,,,,,,
Eklamsia dan preeklamsia,Eclampsia and preeclampsia,Bencana Non Alam dan Penyakit,,,,,,,,,,
Gangguan Mental & Perilaku,Mental &; Behavioral Disorders,Bencana Non Alam dan Penyakit,,,,,,,,,,
Infeksi Saluran Napas Bagian Atas Akut Lainnya,Other acute upper respiratory infections,Bencana Non Alam dan Penyakit,,,,,,,,,,
Leptospirosis,Leptospirosis,Bencana Non Alam dan Penyakit,,,,,,,,,,
Eklamsia dan preeklamsia,Eclampsia and preeclampsia,Bencana Non Alam dan Penyakit,,,,,,,,,,
KLB Demam Berdarah Dengue (DBD),Dengue Hemorrhagic Fever (DHF) outbreak,Bencana Non Alam dan Penyakit,,,,,,,,,,
Banjir,Flood,Bencana Alam,,,,,,,,,,
Infeksi khusus lainnya pada masa perinatal,Other special infections of the perinatal period,Bencana Non Alam dan Penyakit,,,,,,,,,,
Infeksi khusus lainnya pada masa perinatal,Other special infections of the perinatal period,Bencana Non Alam dan Penyakit,,,,,,,,,,
Rabies - Lyssa,Rabies - Lyssa,Bencana Non Alam dan Penyakit,,,,,,,,,,
Leptospirosis,Leptospirosis,Bencana Non Alam dan Penyakit,,,,,,,,,,
Tanah Longsor,Landslide,Bencana Alam,,,,,,,,,,
Kecelakaan Transportasi,Transport Accidents,Bencana Non Alam dan Penyakit,,,,,,,,,,
Penyakit Darah & Organ Pembuat Darah & Gangguan tertentu yang Melibatkan Mekanisme Imun,Blood &; Blood Making Organs &; Certain Disorders Involving Immune Mechanisms,Bencana Non Alam dan Penyakit,,,,,,,,,,
Diare,Diarrhea,Bencana Non Alam dan Penyakit,,,,,,,,,,
KLB Diare,Outbreaks of Diarrhea,Bencana Non Alam dan Penyakit,,,,,,,,,,
Banjir Bandang,Flash Floods,Bencana Alam,,,,,,,,,,
KLB Diare,Outbreaks of Diarrhea,Bencana Non Alam dan Penyakit,,,,,,,,,,
Penyakit Mata dan Adneksa,Eye Diseases and Adnexa,Bencana Non Alam dan Penyakit,,,,,,,,,,
Tanah Longsor,Landslide,Bencana Alam,,,,,,,,,,
Leptospirosis,Leptospirosis,Bencana Non Alam dan Penyakit,,,,,,,,,,
Rabies - Lyssa,Rabies - Lyssa,Bencana Non Alam dan Penyakit,,,,,,,,,,
Rabies - Lyssa,Rabies - Lyssa,Bencana Non Alam dan Penyakit,,,,,,,,,,
Infeksi khusus lainnya pada masa perinatal,Other special infections of the perinatal period,Bencana Non Alam dan Penyakit,,,,,,,,,,
Rabies - Lyssa,Rabies - Lyssa,Bencana Non Alam dan Penyakit,,,,,,,,,,
Rabies - Lyssa,Rabies - Lyssa,Bencana Non Alam dan Penyakit,,,,,,,,,,
Banjir Bandang,Flash Floods,Bencana Alam,,,,,,,,,,
KLB Diare,Outbreaks of Diarrhea,Bencana Non Alam dan Penyakit,,,,,,,,,,
Penyakit Telinga dan Pros. Mastoideus,Ear Diseases and Pros. Mastoideus,Bencana Non Alam dan Penyakit,,,,,,,,,,
Banjir,Flood,Bencana Alam,,,,,,,,,,
Rabies - Lyssa,Rabies - Lyssa,Bencana Non Alam dan Penyakit,,,,,,,,,,
Gempa Bumi,Earthquake,Bencana Alam,,,,,,,,,,
Tanah Longsor,Landslide,Bencana Alam,,,,,,,,,,
AIDS,AIDS,Bencana Non Alam dan Penyakit,,,,,,,,,,
KLB Diare,Outbreaks of Diarrhea,Bencana Non Alam dan Penyakit,,,,,,,,,,
KLB Diare,Outbreaks of Diarrhea,Bencana Non Alam dan Penyakit,,,,,,,,,,
Tetanus Neonatorium,Tetanus Neonatorium,Bencana Non Alam dan Penyakit,,,,,,,,,,
Tetanus Neonatorium,Tetanus Neonatorium,Bencana Non Alam dan Penyakit,,,,,,,,,,
AIDS,AIDS,Bencana Non Alam dan Penyakit,,,,,,,,,,
Gempa Bumi,Earthquake,Bencana Alam,,,,,,,,,,
Rabies - Lyssa,Rabies - Lyssa,Bencana Non Alam dan Penyakit,,,,,,,,,,
Banjir dan Tanah Longsor,Floods and Landslides,Bencana Alam,,,,,,,,,,
Rabies - Lyssa,Rabies - Lyssa,Bencana Non Alam dan Penyakit,,,,,,,,,,
Tetanus Neonatorium,Tetanus Neonatorium,Bencana Non Alam dan Penyakit,,,,,,,,,,
Tanah Longsor,Landslide,Bencana Alam,,,,,,,,,,
Kehamilan yang berakhir abortus,Pregnancy ending abortion,Bencana Non Alam dan Penyakit,,,,,,,,,,
Diare,Diarrhea,Bencana Non Alam dan Penyakit,,,,,,,,,,
KLB Diare,Outbreaks of Diarrhea,Bencana Non Alam dan Penyakit,,,,,,,,,,
KLB Demam Berdarah Dengue (DBD),Dengue Hemorrhagic Fever (DHF) outbreak,Bencana Non Alam dan Penyakit,,,,,,,,,,
Tetanus Neonatorium,Tetanus Neonatorium,Bencana Non Alam dan Penyakit,,,,,,,,,,
Kebakaran,Fire,Bencana Non Alam dan Penyakit,,,,,,,,,,
KLB Dengue High Fever,Dengue High Fever Outbreaks,Bencana Non Alam dan Penyakit,,,,,,,,,,
Tanah Longsor,Landslide,Bencana Alam,,,,,,,,,,
Tetanus Neonatorium,Tetanus Neonatorium,Bencana Non Alam dan Penyakit,,,,,,,,,,
Kejadian Luar Biasa (KLB) - Penyakit,Extraordinary Events (KLB) - Diseases,Bencana Non Alam dan Penyakit,,,,,,,,,,
Leptospirosis,Leptospirosis,Bencana Non Alam dan Penyakit,,,,,,,,,,
Tetanus Neonatorium,Tetanus Neonatorium,Bencana Non Alam dan Penyakit,,,,,,,,,,
Banjir Bandang,Flash Floods,Bencana Alam,,,,,,,,,,
Difteri,Diphtheria,Bencana Non Alam dan Penyakit,,,,,,,,,,
Tetanus Neonatorium,Tetanus Neonatorium,Bencana Non Alam dan Penyakit,,,,,,,,,,
Tetanus Neonatorium,Tetanus Neonatorium,Bencana Non Alam dan Penyakit,,,,,,,,,,
KLB Diare,Outbreaks of Diarrhea,Bencana Non Alam dan Penyakit,,,,,,,,,,
Tanah Longsor,Landslide,Bencana Alam,,,,,,,,,,
KLB Diare,Outbreaks of Diarrhea,Bencana Non Alam dan Penyakit,,,,,,,,,,
Letusan Gunung Api,Volcanic Eruptions,Bencana Alam,,,,,,,,,,
Perdarahan pasca persalinan,Postpartum bleeding,Bencana Non Alam dan Penyakit,,,,,,,,,,
Kecelakaan Transportasi Darat,Land Transport Accidents,Bencana Non Alam dan Penyakit,,,,,,,,,,
Tetanus Neonatorium,Tetanus Neonatorium,Bencana Non Alam dan Penyakit,,,,,,,,,,
Kejadian Luar Biasa (KLB) - Penyakit,Extraordinary Events (KLB) - Diseases,Bencana Non Alam dan Penyakit,,,,,,,,,,
Kecelakaan Transportasi,Transport Accidents,Bencana Non Alam dan Penyakit,,,,,,,,,,
Konflik Sosial,Social Conflict,Bencana Sosial,,,,,,,,,,
Leptospirosis,Leptospirosis,Bencana Non Alam dan Penyakit,,,,,,,,,,
Gempa Bumi,Earthquake,Bencana Alam,,,,,,,,,,
Kebakaran,Fire,Bencana Non Alam dan Penyakit,,,,,,,,,,
Leptospirosis,Leptospirosis,Bencana Non Alam dan Penyakit,,,,,,,,,,
Leptospirosis,Leptospirosis,Bencana Non Alam dan Penyakit,,,,,,,,,,
Leptospirosis,Leptospirosis,Bencana Non Alam dan Penyakit,,,,,,,,,,
Tetanus Neonatorium,Tetanus Neonatorium,Bencana Non Alam dan Penyakit,,,,,,,,,,
Banjir,Flood,Bencana Alam,,,,,,,,,,
KLB,KLB,Bencana Non Alam dan Penyakit,,,,,,,,,,
Cedera lahir,Birth injuries,Bencana Non Alam dan Penyakit,,,,,,,,,,
Banjir Bandang,Flash Floods,Bencana Alam,,,,,,,,,,
Leptospirosis,Leptospirosis,Bencana Non Alam dan Penyakit,,,,,,,,,,
Tanah Longsor,Landslide,Bencana Alam,,,,,,,,,,
Tetanus Neonatorium,Tetanus Neonatorium,Bencana Non Alam dan Penyakit,,,,,,,,,,
Diare,Diarrhea,Bencana Non Alam dan Penyakit,,,,,,,,,,
KLB Diare,Outbreaks of Diarrhea,Bencana Non Alam dan Penyakit,,,,,,,,,,
Cedera lahir,Birth injuries,Bencana Non Alam dan Penyakit,,,,,,,,,,
Banjir dan Tanah Longsor,Floods and Landslides,Bencana Alam,,,,,,,,,,
AIDS,AIDS,Bencana Non Alam dan Penyakit,,,,,,,,,,
Tanah Longsor,Landslide,Bencana Alam,,,,,,,,,,
Tetanus Neonatorium,Tetanus Neonatorium,Bencana Non Alam dan Penyakit,,,,,,,,,,
Avian Influenza (Flu Burung),Avian Influenza (Flu Burung),Bencana Non Alam dan Penyakit,,,,,,,,,,
Kejadian Luar Biasa (KLB) - Keracunan,Extraordinary Events (KLB) - Poisoning,Bencana Non Alam dan Penyakit,,,,,,,,,,
Konflik Sosial atau Kerusuhan Sosial,Social Conflict or Social Unrest,Bencana Sosial,,,,,,,,,,
Ledakan Granat/Bom,Grenade/Bomb Explosion,Bencana Non Alam dan Penyakit,,,,,,,,,,
Difteri,Diphtheria,Bencana Non Alam dan Penyakit,,,,,,,,,,
KLB Campak,Measles outbreaks,Bencana Non Alam dan Penyakit,,,,,,,,,,
KLB Malaria Falsiparum,Falsiparum Malaria Outbreak,Bencana Non Alam dan Penyakit,,,,,,,,,,
Banjir,Flood,Bencana Alam,,,,,,,,,,
Banjir dan Tanah Longsor,Floods and Landslides,Bencana Alam,,,,,,,,,,
Leptospirosis,Leptospirosis,Bencana Non Alam dan Penyakit,,,,,,,,,,
Perdarahan pasca persalinan,Postpartum bleeding,Bencana Non Alam dan Penyakit,,,,,,,,,,
Perdarahan pasca persalinan,Postpartum bleeding,Bencana Non Alam dan Penyakit,,,,,,,,,,
Tetanus,Tetanus,Bencana Non Alam dan Penyakit,,,,,,,,,,
Banjir,Flood,Bencana Alam,,,,,,,,,,
Banjir Bandang,Flash Floods,Bencana Alam,,,,,,,,,,
Kebakaran,Fire,Bencana Non Alam dan Penyakit,,,,,,,,,,
KLB Campak,Measles outbreaks,Bencana Non Alam dan Penyakit,,,,,,,,,,
Tetanus Neonatorium,Tetanus Neonatorium,Bencana Non Alam dan Penyakit,,,,,,,,,,
Tetanus Neonatorium,Tetanus Neonatorium,Bencana Non Alam dan Penyakit,,,,,,,,,,
Plasenta previa,Placenta previa,Bencana Non Alam dan Penyakit,,,,,,,,,,
Difteri,Diphtheria,Bencana Non Alam dan Penyakit,,,,,,,,,,
KLB Tetanus Neonatal,Neonatal Tetanus Outbreak,Bencana Non Alam dan Penyakit,,,,,,,,,,
Banjir Bandang,Flash Floods,Bencana Alam,,,,,,,,,,
Difteri,Diphtheria,Bencana Non Alam dan Penyakit,,,,,,,,,,
Angin Puting Beliung,Tornado,Bencana Alam,,,,,,,,,,
Avian Influenza (Flu Burung),Avian Influenza (Flu Burung),Bencana Non Alam dan Penyakit,,,,,,,,,,
KLB Diare,Outbreaks of Diarrhea,Bencana Non Alam dan Penyakit,,,,,,,,,,
Plasenta previa,Placenta previa,Bencana Non Alam dan Penyakit,,,,,,,,,,
Banjir,Flood,Bencana Alam,,,,,,,,,,
Penyakit Telinga dan Pros. Mastoideus,Ear Diseases and Pros. Mastoideus,Bencana Non Alam dan Penyakit,,,,,,,,,,
Kecelakaan Transportasi Laut-Udara,Sea-Air Transport Accidents,Bencana Non Alam dan Penyakit,,,,,,,,,,
Kejadian Luar Biasa (KLB) - Keracunan,Extraordinary Events (KLB) - Poisoning,Bencana Non Alam dan Penyakit,,,,,,,,,,
KLB Diare,Outbreaks of Diarrhea,Bencana Non Alam dan Penyakit,,,,,,,,,,
Konflik,Conflict,Bencana Sosial,,,,,,,,,,
Persalinan prematur,Preterm labor,Bencana Non Alam dan Penyakit,,,,,,,,,,
Tanah Longsor,Landslide,Bencana Alam,,,,,,,,,,
Banjir,Flood,Bencana Alam,,,,,,,,,,
Kecelakaan Industri,Industrial Accidents,Bencana Non Alam dan Penyakit,,,,,,,,,,
Konflik,Conflict,Bencana Sosial,,,,,,,,,,
Persalinan prematur,Preterm labor,Bencana Non Alam dan Penyakit,,,,,,,,,,
Banjir,Flood,Bencana Alam,,,,,,,,,,
KLB Diare,Outbreaks of Diarrhea,Bencana Non Alam dan Penyakit,,,,,,,,,,
Malaria Klinis,Clinical Malaria,Bencana Non Alam dan Penyakit,,,,,,,,,,
Plasenta previa,Placenta previa,Bencana Non Alam dan Penyakit,,,,,,,,,,
Difteri,Diphtheria,Bencana Non Alam dan Penyakit,,,,,,,,,,
Kebakaran,Fire,Bencana Non Alam dan Penyakit,,,,,,,,,,
KLB Diare,Outbreaks of Diarrhea,Bencana Non Alam dan Penyakit,,,,,,,,,,
Leptospirosis,Leptospirosis,Bencana Non Alam dan Penyakit,,,,,,,,,,
Keracunan Makanan,Food Poisoning,Bencana Non Alam dan Penyakit,,,,,,,,,,
Tetanus Neonatorium,Tetanus Neonatorium,Bencana Non Alam dan Penyakit,,,,,,,,,,
Banjir,Flood,Bencana Alam,,,,,,,,,,
Penyakit hemolitik pada janin dan bayi baru lahir,Hemolytic diseases of the fetus and newborn,Bencana Non Alam dan Penyakit,,,,,,,,,,
Kegagalan Teknologi,Technology Failure,Bencana Non Alam dan Penyakit,,,,,,,,,,
KLB Diare,Outbreaks of Diarrhea,Bencana Non Alam dan Penyakit,,,,,,,,,,
Leptospirosis,Leptospirosis,Bencana Non Alam dan Penyakit,,,,,,,,,,
Difteri,Diphtheria,Bencana Non Alam dan Penyakit,,,,,,,,,,
Difteri,Diphtheria,Bencana Non Alam dan Penyakit,,,,,,,,,,
Angin Siklon Tropis,Tropical Cyclones,Bencana Alam,,,,,,,,,,
Banjir Bandang,Flash Floods,Bencana Alam,,,,,,,,,,
Cedera lahir,Birth injuries,Bencana Non Alam dan Penyakit,,,,,,,,,,
Difteri,Diphtheria,Bencana Non Alam dan Penyakit,,,,,,,,,,
Gagal Teknologi,Failed Technology,Bencana Non Alam dan Penyakit,,,,,,,,,,
Keracunan Makanan,Food Poisoning,Bencana Non Alam dan Penyakit,,,,,,,,,,
KLB Keracunan Makanan,Food Poisoning Outbreaks,Bencana Non Alam dan Penyakit,,,,,,,,,,
Leptospirosis,Leptospirosis,Bencana Non Alam dan Penyakit,,,,,,,,,,
Persalinan prematur,Preterm labor,Bencana Non Alam dan Penyakit,,,,,,,,,,
Tanah Longsor,Landslide,Bencana Alam,,,,,,,,,,
Kebakaran Hutan dan Lahan,Forest and Land Fires,Bencana Alam,,,,,,,,,,
Kecelakaan Industri,Industrial Accidents,Bencana Non Alam dan Penyakit,,,,,,,,,,
Keracunan Makanan,Food Poisoning,Bencana Non Alam dan Penyakit,,,,,,,,,,
Keracunan/KLB,Poisoning/outbreaks,Bencana Non Alam dan Penyakit,,,,,,,,,,
Leptospirosis,Leptospirosis,Bencana Non Alam dan Penyakit,,,,,,,,,,
Keracunan Makanan,Food Poisoning,Bencana Non Alam dan Penyakit,,,,,,,,,,
KLB Campak,Measles outbreaks,Bencana Non Alam dan Penyakit,,,,,,,,,,
Leptospirosis,Leptospirosis,Bencana Non Alam dan Penyakit,,,,,,,,,,
Penyakit Telinga dan Pros. Mastoideus,Ear Diseases and Pros. Mastoideus,Bencana Non Alam dan Penyakit,,,,,,,,,,
Angin Puting Beliung,Tornado,Bencana Alam,,,,,,,,,,
Avian Influenza (Flu Burung),Avian Influenza (Flu Burung),Bencana Non Alam dan Penyakit,,,,,,,,,,
Banjir Bandang,Flash Floods,Bencana Alam,,,,,,,,,,
Banjir dan Tanah Longsor,Floods and Landslides,Bencana Alam,,,,,,,,,,
Gagal Teknologi,Failed Technology,Bencana Non Alam dan Penyakit,,,,,,,,,,
Penyakit hemolitik pada janin dan bayi baru lahir,Hemolytic diseases of the fetus and newborn,Bencana Non Alam dan Penyakit,,,,,,,,,,
Avian Influenza (Flu Burung),Avian Influenza (Flu Burung),Bencana Non Alam dan Penyakit,,,,,,,,,,
Banjir disertai Tanah Longsor,Floods accompanied by Landslides,Bencana Alam,,,,,,,,,,
Rabies,Rabies,Bencana Non Alam dan Penyakit,,,,,,,,,,
Aksi Teror dan Sabotase,Acts of Terror and Sabotage,Bencana Sosial,,,,,,,,,,
Banjir Bandang,Flash Floods,Bencana Alam,,,,,,,,,,
KLB Rabies,Rabies outbreaks,Bencana Non Alam dan Penyakit,,,,,,,,,,
Tetanus,Tetanus,Bencana Non Alam dan Penyakit,,,,,,,,,,
Banjir disertai Tanah Longsor,Floods accompanied by Landslides,Bencana Alam,,,,,,,,,,
Penyakit hemolitik pada janin dan bayi baru lahir,Hemolytic diseases of the fetus and newborn,Bencana Non Alam dan Penyakit,,,,,,,,,,
Difteri,Diphtheria,Bencana Non Alam dan Penyakit,,,,,,,,,,
Konflik,Conflict,Bencana Sosial,,,,,,,,,,
Perdarahan antepartum,Antepartum hemorrhage,Bencana Non Alam dan Penyakit,,,,,,,,,,
Tanah Longsor,Landslide,Bencana Alam,,,,,,,,,,
Kebakaran,Fire,Bencana Non Alam dan Penyakit,,,,,,,,,,
KLB Malaria,Malaria outbreaks,Bencana Non Alam dan Penyakit,,,,,,,,,,
Banjir,Flood,Bencana Alam,,,,,,,,,,
Gempa Bumi,Earthquake,Bencana Alam,,,,,,,,,,
Kecelakaan Transportasi,Transport Accidents,Bencana Non Alam dan Penyakit,,,,,,,,,,
KLB Campak,Measles outbreaks,Bencana Non Alam dan Penyakit,,,,,,,,,,
Ledakan Granat/Bom,Grenade/Bomb Explosion,Bencana Non Alam dan Penyakit,,,,,,,,,,
Leptospirosis,Leptospirosis,Bencana Non Alam dan Penyakit,,,,,,,,,,
Leptospirosis,Leptospirosis,Bencana Non Alam dan Penyakit,,,,,,,,,,
Penyakit Mata dan Adneksa,Eye Diseases and Adnexa,Bencana Non Alam dan Penyakit,,,,,,,,,,
Tetanus Neonatorium,Tetanus Neonatorium,Bencana Non Alam dan Penyakit,,,,,,,,,,
Tetanus Neonatorium,Tetanus Neonatorium,Bencana Non Alam dan Penyakit,,,,,,,,,,
Aksi Teror dan Sabotase,Acts of Terror and Sabotage,Bencana Sosial,,,,,,,,,,
Angin Puting Beliung,Tornado,Bencana Alam,,,,,,,,,,
Avian Influenza (Flu Burung),Avian Influenza (Flu Burung),Bencana Non Alam dan Penyakit,,,,,,,,,,
Gempa Bumi,Earthquake,Bencana Alam,,,,,,,,,,
KLB Rabies,Rabies outbreaks,Bencana Non Alam dan Penyakit,,,,,,,,,,
Konflik Sosial atau Kerusuhan Sosial,Social Conflict or Social Unrest,Bencana Sosial,,,,,,,,,,
Kejadian Luar Biasa (KLB) - Keracunan,Extraordinary Events (KLB) - Poisoning,Bencana Non Alam dan Penyakit,,,,,,,,,,
KLB Diare,Outbreaks of Diarrhea,Bencana Non Alam dan Penyakit,,,,,,,,,,
Banjir dan Tanah Longsor,Floods and Landslides,Bencana Alam,,,,,,,,,,
Difteri,Diphtheria,Bencana Non Alam dan Penyakit,,,,,,,,,,
Kecelakaan Industri,Industrial Accidents,Bencana Non Alam dan Penyakit,,,,,,,,,,
Perdarahan antepartum,Antepartum hemorrhage,Bencana Non Alam dan Penyakit,,,,,,,,,,
Persalinan dengan penyulit gawat janin,Childbirth with fetal distress,Bencana Non Alam dan Penyakit,,,,,,,,,,
Persalinan dengan penyulit gawat janin,Childbirth with fetal distress,Bencana Non Alam dan Penyakit,,,,,,,,,,
Angin Puting Beliung,Tornado,Bencana Alam,,,,,,,,,,
Angin Siklon Tropis,Tropical Cyclones,Bencana Alam,,,,,,,,,,
Angin Topan / Angin Puting Beliung / Angin Puyuh,Typhoon / Tornado / Whirlwind,Bencana Alam,,,,,,,,,,
Avian Influenza (Flu Burung),Avian Influenza (Flu Burung),Bencana Non Alam dan Penyakit,,,,,,,,,,
Kejadian Luar Biasa (KLB) - Keracunan,Extraordinary Events (KLB) - Poisoning,Bencana Non Alam dan Penyakit,,,,,,,,,,
KLB,KLB,Bencana Non Alam dan Penyakit,,,,,,,,,,
KLB Campak,Measles outbreaks,Bencana Non Alam dan Penyakit,,,,,,,,,,
KLB Difteri,Diphtheria outbreaks,Bencana Non Alam dan Penyakit,,,,,,,,,,
Leptospirosis,Leptospirosis,Bencana Non Alam dan Penyakit,,,,,,,,,,
Angin Topan / Angin Puting Beliung / Angin Puyuh,Typhoon / Tornado / Whirlwind,Bencana Alam,,,,,,,,,,
Avian Influenza (Flu Burung),Avian Influenza (Flu Burung),Bencana Non Alam dan Penyakit,,,,,,,,,,
Banjir,Flood,Bencana Alam,,,,,,,,,,
Campak,Measles,Bencana Non Alam dan Penyakit,,,,,,,,,,
Campak,Measles,Bencana Non Alam dan Penyakit,,,,,,,,,,
KLB Difteri,Diphtheria outbreaks,Bencana Non Alam dan Penyakit,,,,,,,,,,
"Ledakan (bom, tabung gas, dll)","Explosions (bombs, gas cylinders, etc.)",Bencana Non Alam dan Penyakit,,,,,,,,,,
Letusan Gunung Api,Volcanic Eruptions,Bencana Alam,,,,,,,,,,
Antraks,Anthrax,Bencana Non Alam dan Penyakit,,,,,,,,,,
Antraks,Anthrax,Bencana Non Alam dan Penyakit,,,,,,,,,,
Campak,Measles,Bencana Non Alam dan Penyakit,,,,,,,,,,
Hepatitis Klinis,Clinical Hepatitis,Bencana Non Alam dan Penyakit,,,,,,,,,,
Kecelakaan Industri,Industrial Accidents,Bencana Non Alam dan Penyakit,,,,,,,,,,
Kejadian Luar Biasa (KLB) - Penyakit,Extraordinary Events (KLB) - Diseases,Bencana Non Alam dan Penyakit,,,,,,,,,,
KLB Polio,Polio outbreaks,Bencana Non Alam dan Penyakit,,,,,,,,,,
Ledakan Akibat Gas,Gas Explosion,Bencana Non Alam dan Penyakit,,,,,,,,,,
Perdarahan antepartum,Antepartum hemorrhage,Bencana Non Alam dan Penyakit,,,,,,,,,,
Persalinan dengan penyulit gawat janin,Childbirth with fetal distress,Bencana Non Alam dan Penyakit,,,,,,,,,,
Avian Influenza (Flu Burung),Avian Influenza (Flu Burung),Bencana Non Alam dan Penyakit,,,,,,,,,,
Campak,Measles,Bencana Non Alam dan Penyakit,,,,,,,,,,
Gempa Bumi,Earthquake,Bencana Alam,,,,,,,,,,
Hepatitis B,Hepatitis B,Bencana Non Alam dan Penyakit,,,,,,,,,,
Hepatitis Klinis,Clinical Hepatitis,Bencana Non Alam dan Penyakit,,,,,,,,,,
Kejadian Luar Biasa (KLB) - Keracunan,Extraordinary Events (KLB) - Poisoning,Bencana Non Alam dan Penyakit,,,,,,,,,,
KLB Campak,Measles outbreaks,Bencana Non Alam dan Penyakit,,,,,,,,,,
KLB Dengue Shock Syndrome,Outbreaks of Dengue Shock Syndrome,Bencana Non Alam dan Penyakit,,,,,,,,,,
KLB Diare,Outbreaks of Diarrhea,Bencana Non Alam dan Penyakit,,,,,,,,,,
Konflik Sosial atau Kerusuhan Sosial,Social Conflict or Social Unrest,Bencana Sosial,,,,,,,,,,
Petir,Lightning,Bencana Alam,,,,,,,,,,
Banjir,Flood,Bencana Alam,,,,,,,,,,
Banjir Lahar Dingin,Cold Lava Flood,Bencana Alam,,,,,,,,,,
Banjir Lahar Dingin,Cold Lava Flood,Bencana Alam,,,,,,,,,,
Kebakaran (Pemukiman),Fire (Settlement),Bencana Non Alam dan Penyakit,,,,,,,,,,
Kegagalan Teknologi,Technology Failure,Bencana Non Alam dan Penyakit,,,,,,,,,,
Keracunan Makanan,Food Poisoning,Bencana Non Alam dan Penyakit,,,,,,,,,,
KLB Campak,Measles outbreaks,Bencana Non Alam dan Penyakit,,,,,,,,,,
KLB Diare,Outbreaks of Diarrhea,Bencana Non Alam dan Penyakit,,,,,,,,,,
Tersambar Petir,Struck by Lightning,Bencana Alam,,,,,,,,,,
Antraks,Anthrax,Bencana Non Alam dan Penyakit,,,,,,,,,,
Difteri,Diphtheria,Bencana Non Alam dan Penyakit,,,,,,,,,,
Gagal Teknologi,Failed Technology,Bencana Non Alam dan Penyakit,,,,,,,,,,
Gelombang Pasang,Tidal Wave,Bencana Alam,,,,,,,,,,
Hepatitis B,Hepatitis B,Bencana Non Alam dan Penyakit,,,,,,,,,,
Hepatitis Klinis,Clinical Hepatitis,Bencana Non Alam dan Penyakit,,,,,,,,,,
Kegagalan Teknologi (termasuk ledakan kompor gas),Technology Failures (including gas stove explosions),Bencana Non Alam dan Penyakit,,,,,,,,,,
KLB Keracunan,Poisoning outbreaks,Bencana Non Alam dan Penyakit,,,,,,,,,,
Angin Puting Beliung,Tornado,Bencana Alam,,,,,,,,,,
Angin Siklon Tropis,Tropical Cyclones,Bencana Alam,,,,,,,,,,
Angin siklon tropis (angin kencang dan angin puting beliung),Tropical cyclones (strong winds and tornadoes),Bencana Alam,,,,,,,,,,
Banjir disertai Tanah Longsor,Floods accompanied by Landslides,Bencana Alam,,,,,,,,,,
Batuk Rejan,Whooping cough,Bencana Non Alam dan Penyakit,,,,,,,,,,
Campak,Measles,Bencana Non Alam dan Penyakit,,,,,,,,,,
Gelombang Pasang/Badai,Tidal Wave/Storm,Bencana Alam,,,,,,,,,,
Gempa Bumi,Earthquake,Bencana Alam,,,,,,,,,,
Kegagalan Teknologi,Technology Failure,Bencana Non Alam dan Penyakit,,,,,,,,,,
Keracunan,Poisoning,Bencana Non Alam dan Penyakit,,,,,,,,,,
KLB Campak,Measles outbreaks,Bencana Non Alam dan Penyakit,,,,,,,,,,
KLB Campak,Measles outbreaks,Bencana Non Alam dan Penyakit,,,,,,,,,,
KLB Keracunan Makanan,Food Poisoning Outbreaks,Bencana Non Alam dan Penyakit,,,,,,,,,,
Konflik Sosial atau Kerusuhan Sosial,Social Conflict or Social Unrest,Bencana Sosial,,,,,,,,,,
Ledakan Granat/Bom,Grenade/Bomb Explosion,Bencana Non Alam dan Penyakit,,,,,,,,,,
Tetanus Neonatorium,Tetanus Neonatorium,Bencana Non Alam dan Penyakit,,,,,,,,,,
Aksi Teror dan Sabotase,Acts of Terror and Sabotage,Bencana Sosial,,,,,,,,,,
Angin kencang,Strong winds,Bencana Alam,,,,,,,,,,
Antraks,Anthrax,Bencana Non Alam dan Penyakit,,,,,,,,,,
Avian Influenza (Flu Burung),Avian Influenza (Flu Burung),Bencana Non Alam dan Penyakit,,,,,,,,,,
Banjir dan Tanah Longsor,Floods and Landslides,Bencana Alam,,,,,,,,,,
Gelombang Besar,Big Wave,Bencana Alam,,,,,,,,,,
Kebakaran,Fire,Bencana Non Alam dan Penyakit,,,,,,,,,,
Kegagalan Teknologi,Technology Failure,Bencana Non Alam dan Penyakit,,,,,,,,,,
KLB Gizi Buruk,Outbreaks of Poor Nutrition,Bencana Non Alam dan Penyakit,,,,,,,,,,
Antraks,Anthrax,Bencana Non Alam dan Penyakit,,,,,,,,,,
Antraks,Anthrax,Bencana Non Alam dan Penyakit,,,,,,,,,,
Antraks,Anthrax,Bencana Non Alam dan Penyakit,,,,,,,,,,
Avian Influenza (Flu Burung),Avian Influenza (Flu Burung),Bencana Non Alam dan Penyakit,,,,,,,,,,
Avian Influenza (Flu Burung),Avian Influenza (Flu Burung),Bencana Non Alam dan Penyakit,,,,,,,,,,
Banjir,Flood,Bencana Alam,,,,,,,,,,
Banjir Bandang dan Tanah Longsor,Flash Floods and Landslides,Bencana Alam,,,,,,,,,,
Banjir dan Tanah Longsor,Floods and Landslides,Bencana Alam,,,,,,,,,,
Campak,Measles,Bencana Non Alam dan Penyakit,,,,,,,,,,
Gempa Bumi,Earthquake,Bencana Alam,,,,,,,,,,
Kebakaran,Fire,Bencana Non Alam dan Penyakit,,,,,,,,,,
Kejadian Luar Biasa (KLB) - Penyakit,Extraordinary Events (KLB) - Diseases,Bencana Non Alam dan Penyakit,,,,,,,,,,
KLB Hepatitis,Outbreaks of Hepatitis,Bencana Non Alam dan Penyakit,,,,,,,,,,
Ledakan Bom,Bomb Explosion,Bencana Non Alam dan Penyakit,,,,,,,,,,
Letusan/Peningkatan Aktivitas Gunung Api,Eruption/Increased Volcanic Activity,Bencana Alam,,,,,,,,,,
Tetanus Neonatorium,Tetanus Neonatorium,Bencana Non Alam dan Penyakit,,,,,,,,,,
Tsunami,Tsunami,Bencana Alam,,,,,,,,,,
Antraks,Anthrax,Bencana Non Alam dan Penyakit,,,,,,,,,,
Antraks,Anthrax,Bencana Non Alam dan Penyakit,,,,,,,,,,
Antraks,Anthrax,Bencana Non Alam dan Penyakit,,,,,,,,,,
Antraks,Anthrax,Bencana Non Alam dan Penyakit,,,,,,,,,,
Antraks,Anthrax,Bencana Non Alam dan Penyakit,,,,,,,,,,
Avian Influenza (Flu Burung),Avian Influenza (Flu Burung),Bencana Non Alam dan Penyakit,,,,,,,,,,
Batuk Rejan,Whooping cough,Bencana Non Alam dan Penyakit,,,,,,,,,,
Bencana kelaparan,Famine,Bencana Sosial,,,,,,,,,,
Campak,Measles,Bencana Non Alam dan Penyakit,,,,,,,,,,
Campak,Measles,Bencana Non Alam dan Penyakit,,,,,,,,,,
Campak,Measles,Bencana Non Alam dan Penyakit,,,,,,,,,,
Difteri,Diphtheria,Bencana Non Alam dan Penyakit,,,,,,,,,,
Difteri,Diphtheria,Bencana Non Alam dan Penyakit,,,,,,,,,,
Gagal Teknologi,Failed Technology,Bencana Non Alam dan Penyakit,,,,,,,,,,
Gelombang Besar dan Angin Siklon Tropis,Large Waves and Tropical Cyclones,Bencana Alam,,,,,,,,,,
Gempa Bumi,Earthquake,Bencana Alam,,,,,,,,,,
Kebakaran,Fire,Bencana Non Alam dan Penyakit,,,,,,,,,,
Kecelakaan Industri,Industrial Accidents,Bencana Non Alam dan Penyakit,,,,,,,,,,
KLB Antraks,Anthrax outbreak,Bencana Non Alam dan Penyakit,,,,,,,,,,
KLB Campak,Measles outbreaks,Bencana Non Alam dan Penyakit,,,,,,,,,,
KLB Leptospirosis,Leptospirosis outbreaks,Bencana Non Alam dan Penyakit,,,,,,,,,,
Konflik Sosial,Social Conflict,Bencana Sosial,,,,,,,,,,
Letusan Gunung Api,Volcanic Eruptions,Bencana Alam,,,,,,,,,,
Longsor Sampah,Landslide Garbage,Bencana Alam,,,,,,,,,,
Tersambar Petir,Struck by Lightning,Bencana Alam,,,,,,,,,,
Abrasi Air Laut,Seawater Abrasion,Bencana Alam,,,,,,,,,,
Aksi Teror dan Sabotase,Acts of Terror and Sabotage,Bencana Sosial,,,,,,,,,,
Aksi Teror dan Sabotase,Acts of Terror and Sabotage,Bencana Sosial,,,,,,,,,,
Angin Puting Beliung,Tornado,Bencana Alam,,,,,,,,,,
Angin Topan,Typhoon,Bencana Alam,,,,,,,,,,
Antraks,Anthrax,Bencana Non Alam dan Penyakit,,,,,,,,,,
Antraks,Anthrax,Bencana Non Alam dan Penyakit,,,,,,,,,,
Antraks,Anthrax,Bencana Non Alam dan Penyakit,,,,,,,,,,
Antraks,Anthrax,Bencana Non Alam dan Penyakit,,,,,,,,,,
Antraks,Anthrax,Bencana Non Alam dan Penyakit,,,,,,,,,,
Antraks,Anthrax,Bencana Non Alam dan Penyakit,,,,,,,,,,
Antraks,Anthrax,Bencana Non Alam dan Penyakit,,,,,,,,,,
Avian Influenza (Flu Burung),Avian Influenza (Flu Burung),Bencana Non Alam dan Penyakit,,,,,,,,,,
Avian Influenza (Flu Burung),Avian Influenza (Flu Burung),Bencana Non Alam dan Penyakit,,,,,,,,,,
Avian Influenza (Flu Burung),Avian Influenza (Flu Burung),Bencana Non Alam dan Penyakit,,,,,,,,,,
Banjir Bandang,Flash Floods,Bencana Alam,,,,,,,,,,
Banjir Bandang,Flash Floods,Bencana Alam,,,,,,,,,,
Banjir Bandang dan Angin Siklon Tropis,Flash Floods and Tropical Cyclones,Bencana Alam,,,,,,,,,,
Banjir Bandang dan Tanah Longsor,Flash Floods and Landslides,Bencana Alam,,,,,,,,,,
Banjir Lahar Dingin,Cold Lava Flood,Bencana Alam,,,,,,,,,,
Campak,Measles,Bencana Non Alam dan Penyakit,,,,,,,,,,
Cikungunya,The chikungunya,Bencana Non Alam dan Penyakit,,,,,,,,,,
Erupsi Gunung Api,Volcanic Eruption,Bencana Alam,,,,,,,,,,
Gagal Teknologi,Failed Technology,Bencana Non Alam dan Penyakit,,,,,,,,,,
Gelombang Pasang,Tidal Wave,Bencana Alam,,,,,,,,,,
Gelombang Pasang,Tidal Wave,Bencana Alam,,,,,,,,,,
Gelombang Pasang,Tidal Wave,Bencana Alam,,,,,,,,,,
Gelombang Pasang/Badai,Tidal Wave/Storm,Bencana Alam,,,,,,,,,,
Gelombang Pasang/Badai,Tidal Wave/Storm,Bencana Alam,,,,,,,,,,
Gelombang Pasang/Badai,Tidal Wave/Storm,Bencana Alam,,,,,,,,,,
Gempa Bumi dan Tsunami,Earthquakes and Tsunamis,Bencana Alam,,,,,,,,,,
Gempa Bumi dan Tsunami,Earthquakes and Tsunamis,Bencana Alam,,,,,,,,,,
Gempa Bumi dan Tsunami,Earthquakes and Tsunamis,Bencana Alam,,,,,,,,,,
Hepatitis A,Hepatitis A,Bencana Non Alam dan Penyakit,,,,,,,,,,
Kebakaran,Fire,Bencana Non Alam dan Penyakit,,,,,,,,,,
Kebakaran Hutan dan Lahan,Forest and Land Fires,Bencana Alam,,,,,,,,,,
Kebakaran Hutan dan Lahan,Forest and Land Fires,Bencana Alam,,,,,,,,,,
Kebakaran Hutan dan Lahan,Forest and Land Fires,Bencana Alam,,,,,,,,,,
Kecelakaan Industri,Industrial Accidents,Bencana Non Alam dan Penyakit,,,,,,,,,,
Kecelakaan Industri,Industrial Accidents,Bencana Non Alam dan Penyakit,,,,,,,,,,
Kecelakaan Industri,Industrial Accidents,Bencana Non Alam dan Penyakit,,,,,,,,,,
Kecelakaan Industri,Industrial Accidents,Bencana Non Alam dan Penyakit,,,,,,,,,,
Kecelakaan Lalu Lintas,Traffic Accidents,Bencana Non Alam dan Penyakit,,,,,,,,,,
Kejadian Luar Biasa (KLB) - Penyakit,Extraordinary Events (KLB) - Diseases,Bencana Non Alam dan Penyakit,,,,,,,,,,
Kekeringan,Drought,Bencana Alam,,,,,,,,,,
Kekeringan,Drought,Bencana Alam,,,,,,,,,,
Kekeringan,Drought,Bencana Alam,,,,,,,,,,
Kekeringan,Drought,Bencana Alam,,,,,,,,,,
Keracunan Makanan,Food Poisoning,Bencana Non Alam dan Penyakit,,,,,,,,,,
KLB Cacat Air,Water Defect KLB,Bencana Non Alam dan Penyakit,,,,,,,,,,
KLB Campak,Measles outbreaks,Bencana Non Alam dan Penyakit,,,,,,,,,,
KLB Campak,Measles outbreaks,Bencana Non Alam dan Penyakit,,,,,,,,,,
KLB Campak,Measles outbreaks,Bencana Non Alam dan Penyakit,,,,,,,,,,
KLB Cikungunya,KLB Cikungunya,Bencana Non Alam dan Penyakit,,,,,,,,,,
KLB Cikungunya,KLB Cikungunya,Bencana Non Alam dan Penyakit,,,,,,,,,,
KLB Demam Berdarah,Dengue Fever Outbreak,Bencana Non Alam dan Penyakit,,,,,,,,,,
KLB Diare Berdarah,Outbreaks of Bloody Diarrhea,Bencana Non Alam dan Penyakit,,,,,,,,,,
KLB Disentri,Dysentery outbreaks,Bencana Non Alam dan Penyakit,,,,,,,,,,
KLB Frambusia,KLB Frambusia,Bencana Non Alam dan Penyakit,,,,,,,,,,
"KLB Hand, Foot, Mouth Diseases","KLB Hand, Foot, Mouth Diseases",Bencana Non Alam dan Penyakit,,,,,,,,,,
KLB Hepatitis Klinis,Clinical Hepatitis Outbreaks,Bencana Non Alam dan Penyakit,,,,,,,,,,
KLB Keracunan Makanan,Food Poisoning Outbreaks,Bencana Non Alam dan Penyakit,,,,,,,,,,
KLB Malaria Klinis,Clinical Malaria Outbreaks,Bencana Non Alam dan Penyakit,,,,,,,,,,
KLB Marasmus,KLB Marasmus,Bencana Non Alam dan Penyakit,,,,,,,,,,
KLB Meningitis,Outbreaks of Meningitis,Bencana Non Alam dan Penyakit,,,,,,,,,,
KLB Parotitis,Outbreak Parotitis,Bencana Non Alam dan Penyakit,,,,,,,,,,
KLB Pertusis,Pertussis outbreaks,Bencana Non Alam dan Penyakit,,,,,,,,,,
KLB Rubella,KLB Rubella,Bencana Non Alam dan Penyakit,,,,,,,,,,
KLB Rubella,KLB Rubella,Bencana Non Alam dan Penyakit,,,,,,,,,,
KLB Tetanus,Tetanus outbreak,Bencana Non Alam dan Penyakit,,,,,,,,,,
KLB Thypoid,Typhoid outbreaks,Bencana Non Alam dan Penyakit,,,,,,,,,,
KLB Tifus Perut,Outbreaks of Stomach Typhoid,Bencana Non Alam dan Penyakit,,,,,,,,,,
KLB Typus Perut,KLB Typhoid Belly,Bencana Non Alam dan Penyakit,,,,,,,,,,
Kolera,Cholera,Bencana Non Alam dan Penyakit,,,,,,,,,,
Konflik Sosial atau Kerusuhan Sosial,Social Conflict or Social Unrest,Bencana Sosial,,,,,,,,,,
Ledakan Bom,Bomb Explosion,Bencana Non Alam dan Penyakit,,,,,,,,,,
Ledakan Bom,Bomb Explosion,Bencana Non Alam dan Penyakit,,,,,,,,,,
Letusan Gunung Api,Volcanic Eruptions,Bencana Alam,,,,,,,,,,
Letusan Gunung Api,Volcanic Eruptions,Bencana Alam,,,,,,,,,,
Letusan Gunung Api,Volcanic Eruptions,Bencana Alam,,,,,,,,,,
Letusan Gunung Api,Volcanic Eruptions,Bencana Alam,,,,,,,,,,
Rubella,Rubella,Bencana Non Alam dan Penyakit,,,,,,,,,,
Tsunami,Tsunami,Bencana Alam,,,,,,,,,,
Wabah Penyakit (Epidemi),Disease Outbreak (Epidemic),Bencana Non Alam dan Penyakit,,,,,,,,,,
Wabah Penyakit (Epidemi),Disease Outbreak (Epidemic),Bencana Non Alam dan Penyakit,,,,,,,,,,
Wabah Penyakit (Epidemi),Disease Outbreak (Epidemic),Bencana Non Alam dan Penyakit,,,,,,,,,,
